Payment Allowance Limits for Medicare Part B Drugs,,,,,,,,,,,
,,,,,,,,,,,
"Effective April 1, 2023 through June 30, 2023",,,,,,,,,,,
,,,,,,,,,,,
Note 1: Payment allowance limits subject to the ASP methodology are based on 4Q22 ASP data.,,,,,,,,,,,
Note 2: The absence or presence of a HCPCS code and the payment allowance limits in this table does not indicate whether Medicare covers a drug.  These determinations shall be made by the local Medicare contractor processing the claim.,,,,,,,,,,,
,,,,,,,,,,,
,,,,,,,,,,,
HCPCS Code,Short Description,HCPCS Code Dosage,Payment Limit,Co-insurance Percentage,Vaccine AWP%,Vaccine Limit,Blood AWP%,Blood limit,Clotting Factor,Notes,
90371,Hep b ig im,1 ML,131.758,20.000,,,,,,,
90375,Rabies ig im/sc,150 IU,336.198,20.000,,,,,,,
90376,Rabies ig heat treated,150 IU,296.743,20.000,,,,,,,
90377,Rabies ig ht&sol human im/sc,150 IU,232.026,20.000,,,,,,,
90586,Bcg vaccine intravesical,1 EACH,143.721,20.000,,,,,,,
90632,Hepa vaccine adult im,1 ML,70.103,20.000,,,,,,,
90662,Iiv no prsv increased ag im,0.5 ML,69.941,0.000,95,69.941,,,,see the Seasonal Influenza Vaccines Pricing webpage for current payment limits and effective dates,
90670,Pcv13 vaccine im,0.5 ML,257.989,0.000,95,257.989,,,,,
90671,PCV15 vaccine IM,1 EA,246.195,0.000,95,246.195,,,,,
90672,Laiv4 vaccine intranasal,0.2 ML,26.876,0.000,95,26.876,,,,see the Seasonal Influenza Vaccines Pricing webpage for current payment limits and effective dates,
90674,Cciiv4 vac no prsv 0.5 ml im,0.5 ML,32.278,0.000,95,32.278,,,,see the Seasonal Influenza Vaccines Pricing webpage for current payment limits and effective dates,
90675,Rabies vaccine im,1 ML,342.224,20.000,,,,,,,
90677,Pcv20 vaccine im,0.5 ML,288.664,0.000,95,288.664,,,,,
90682,Riv4 vacc recombinant dna im,0.5 ML,69.941,0.000,95,69.941,,,,see the Seasonal Influenza Vaccines Pricing webpage for current payment limits and effective dates,
90686,Iiv4 vacc no prsv 0.5 ml im,0.5 ml,21.518,0.000,95,21.518,,,,see the Seasonal Influenza Vaccines Pricing webpage for current payment limits and effective dates,
90687,Iiv4 vaccine splt 0.25 ml im,0.25 ML,10.241,0.000,95,10.241,,,,see the Seasonal Influenza Vaccines Pricing webpage for current payment limits and effective dates ,
90688,Iiv4 vaccine splt 0.5 ml im,0.5 ML,20.482,0.000,95,20.482,,,,see the Seasonal Influenza Vaccines Pricing webpage for current payment limits and effective dates ,
90694,Vacc AIIV4 no prsrv 0.5ML IM,0.5 ML,71.682,0.000,95,71.682,,,,see the Seasonal Influenza Vaccines Pricing webpage for current payment limits and effective dates ,
90714,Td vacc no presv 7 yrs+ im,0.5 ML,29.266,20.000,,,,,,,
90715,Tdap vaccine 7 yrs/> im,0.5 ML,37.629,20.000,,,,,,,
90732,Ppsv23 vacc 2 yrs+ subq/im,0.5 ML,133.472,0.000,95,133.472,,,,,
90739,Hepb vacc 2 dose adult im,1 DOSE,152.076,0.000,95,152.076,,,,,
90740,Hepb vacc 3 dose immunsup im,40 MCG,152.124,0.000,95,152.124,,,,,
90743,"Hep b vacc, adol, 2 dose, im",1 DOSE,73.847,0.000,95,73.847,,,,,
90744,Hepb vacc 3 dose ped/adol im,1 DOSE,31.046,0.000,95,31.046,,,,,
90746,Hepb vaccine 3 dose adult im,20 MCG,70.378,0.000,95,70.378,,,,,
90747,Hepb vacc 4 dose immunsup im,40 MCG,144.058,0.000,95,144.058,,,,,
90756,Cciiv4 vacc abx free im,0.5 ML,30.581,0.000,95,30.581,,,,see the Seasonal Influenza Vaccines Pricing webpage for current payment limits and effective dates,
90759,Hep b vac 3ag 10mcg 3 dos im,10 MCG,73.815,0.000,95,73.815,,,,,
A9575,Inj gadoterate meglumi 0.1ml,0.1 ML,0.169,20.000,,,,,,,
A9576,Inj prohance multipack,1 ML,1.433,20.000,,,,,,,
A9577,Inj multihance,1 ML,1.834,20.000,,,,,,,
A9578,Inj multihance multipack,1 ML,1.840,20.000,,,,,,,
A9579,"Gad-base mr contrast nos,1ml",1 ML,1.603,20.000,,,,,,,
A9581,Gadoxetate disodium inj,1 ML,14.712,20.000,,,,,,,
A9585,Gadobutrol injection,0.1 ML,0.340,20.000,,,,,,,
A9589,Insti hexaminolevulinate hcl,100 MG,1244.440,20.000,,,,,,,
A9606,Radium ra223 dichloride ther,1 microCurie,N/A,20.000,,,,,,"microCurie 100% AWP = $180.17
microCurie 100% WAC = $150.140",
J0121,"Inj., omadacycline, 1 mg",1 MG,3.624,20.000,,,,,,,
J0122,"Inj., eravacycline, 1 mg",1 MG,1.063,20.000,,,,,,,
J0129,Abatacept injection,10 MG,42.761,20.000,,,,,,"""lesser of"" methodology applied",
J0131,"Inj, acetaminophen (nos)",10 MG,0.099,20.000,,,,,,,
J0132,Acetylcysteine injection,100 MG,0.762,20.000,,,,,,,
J0133,Acyclovir injection,5 MG,0.040,20.000,,,,,,AMP-based payment limit,
J0134,Inj acetaminophen -fresenius,10 MG,0.109,20.000,,,,,,,
J0136,"Inj, acetaminophen (b braun)",10 MG,0.052,20.000,,,,,,,
J0153,Adenosine inj 1mg,1 MG,0.497,20.000,,,,,,,
J0171,Adrenalin epinephrine inject,0.1 MG,0.741,20.000,,,,,,,
J0172,"Inj, aducanumab-avwa, 2 mg",2 MG,5.978,20.000,,,,,,,
J0178,Aflibercept injection,1 MG,893.551,20.000,,,,,,,
J0179,"Inj, brolucizumab-dbll, 1 mg",1 MG,314.855,20.000,,,,,,,
J0180,Agalsidase beta injection,1 MG,208.166,20.000,,,,,,,
J0185,"Inj., aprepitant, 1 mg",1 MG,1.805,20.000,,,,,,,
J0202,"Injection, alemtuzumab",1 MG,2235.380,20.000,,,,,,,
J0218,Inj olipudase alfa-rpcp 1mg,1 MG,378.526,20.000,,,,,,Added April 2023,
J0219,Inj aval alfa-nqpt 4mg,4 MG,72.452,20.000,,,,,,,
J0221,Lumizyme injection,10 MG,188.250,20.000,,,,,,,
J0222,"Inj., patisiran, 0.1 mg",0.1 MG,100.745,20.000,,,,,,,
J0223,Inj givosiran 0.5 mg,0.5 MG,109.731,20.000,,,,,,,
J0224,"Inj. lumasiran, 0.5 mg",0.5 MG,310.767,20.000,,,,,,,
J0225,"Inj, vutrisiran, 1 mg",1 MG,4875.854,20.000,,,,,,Added April 2023,
J0248,"Inj, remdesivir, 1 mg",1 MG,5.512,20.000,,,,,,,
J0256,Alpha 1 proteinase inhibitor,10 MG,4.776,20.000,,,,,,,
J0257,Glassia injection,10 MG,5.152,20.000,,,,,,,
J0278,Amikacin sulfate injection,100 MG,0.955,20.000,,,,,,,
J0280,Aminophyllin 250 mg inj,250 MG,8.937,20.000,,,,,,,
J0285,Amphotericin b,50 MG,46.322,20.000,,,,,,,
J0287,Amphotericin b lipid complex,10 MG,11.130,19.293,,,,,,Inflation-adjusted coinsurance,
J0289,Amphotericin b liposome inj,10 MG,26.851,20.000,,,,,,,
J0290,Ampicillin 500 mg inj,500 MG,0.920,20.000,,,,,,,
J0291,"Inj., plazomicin, 5 mg",5 MG,3.384,20.000,,,,,,,
J0295,Ampicillin sulbactam 1.5 gm,1.5 GM,2.168,20.000,,,,,,,
J0348,Anidulafungin injection,1 MG,0.407,20.000,,,,,,,
J0360,Hydralazine hcl injection,20 MG,5.496,20.000,,,,,,AMP-based payment limit,
J0401,Inj aripiprazole ext rel 1mg,1 MG,6.417,20.000,,,,,,,
J0456,Azithromycin,500 MG,2.592,20.000,,,,,,,
J0461,Atropine sulfate injection,0.01 MG,0.099,20.000,,,,,,,
J0475,Baclofen 10 mg injection,10 MG,178.448,20.000,,,,,,,
J0476,Baclofen intrathecal trial,50 MCG,61.493,20.000,,,,,,,
J0480,Basiliximab,20 MG,4310.967,20.000,,,,,,,
J0485,Belatacept injection,1 MG,3.794,20.000,,,,,,,
J0490,Belimumab injection,10 MG,50.207,20.000,,,,,,,
J0491,Inj anifrolumab-fnia 1mg,1 MG,16.225,20.000,,,,,,,
J0500,Dicyclomine injection,20 MG,22.771,20.000,,,,,,,
J0515,Inj benztropine mesylate,1 MG,15.870,20.000,,,,,,,
J0517,"Inj., benralizumab, 1 mg",1 MG,167.115,20.000,,,,,,,
J0558,Peng benzathine/procaine inj,"100,000 UNITS",14.416,19.032,,,,,,Inflation-adjusted coinsurance,
J0561,Penicillin g benzathine inj,"100,000 UNITS",18.590,18.623,,,,,,Inflation-adjusted coinsurance,
J0565,"Inj, bezlotoxumab, 10 mg",10 MG,39.861,20.000,,,,,,,
J0583,Bivalirudin,1 MG,0.187,20.000,,,,,,,
J0584,"Injection, burosumab-twza 1m",1 MG,414.713,20.000,,,,,,,
J0585,"Injection,onabotulinumtoxina",1 UNIT,6.318,20.000,,,,,,,
J0586,Abobotulinumtoxina,5 Unit,8.702,20.000,,,,,,,
J0587,"Inj, rimabotulinumtoxinb",100 UNITS,12.700,20.000,,,,,,,
J0588,Incobotulinumtoxin a,1 UNIT,5.201,20.000,,,,,,,
J0592,Buprenorphine hydrochloride,0.1 MG,4.016,20.000,,,,,,,
J0594,Busulfan injection,1 MG,1.872,20.000,,,,,,,
J0595,Butorphanol tartrate 1 mg,1 MG,3.388,20.000,,,,,,,
J0596,"Injection, ruconest",10 UNITS,31.607,20.000,,,,,,,
J0597,"C-1 esterase, berinert",10 UNITS,60.731,20.000,,,,,,,
J0598,"C-1 esterase, cinryze",10 UNITS,60.736,20.000,,,,,,,
J0600,Edetate calcium disodium inj,1000 MG,5708.594,20.000,,,,,,,
J0612,Calcium glucon (fresenius),10 MG,0.047,20.000,,,,,,,
J0613,Calcium glucon (wg critical),10 MG,0.084,20.000,,,,,,,
J0630,Calcitonin salmon injection,400 UNITS,1327.995,20.000,,,,,,,
J0636,Inj calcitriol per 0.1 mcg,0.1 MCG,0.761,20.000,,,,,,,
J0637,Caspofungin acetate,5 MG,4.887,20.000,,,,,,,
J0638,Canakinumab injection,1 MG,119.821,20.000,,,,,,,
J0640,Leucovorin calcium injection,50 MG,3.406,20.000,,,,,,,
J0642,"Injection, khapzory, 0.5 mg",0.5 MG,1.559,20.000,,,,,,,
J0670,Inj mepivacaine hcl/10 ml,10 ML,3.474,20.000,,,,,,,
J0689,"Inj cefazolin sodium, baxter",500 MG,1.186,20.000,,,,,,,
J0690,Cefazolin sodium injection,500 MG,0.767,20.000,,,,,,,
J0691,Inj lefamulin 1 mg,1 MG,0.724,20.000,,,,,,,
J0692,Cefepime hcl for injection,500 MG,1.238,20.000,,,,,,,
J0694,Cefoxitin sodium injection,1 GM,5.157,20.000,,,,,,,
J0695,Inj ceftolozane tazobactam,75mg (50mg cft/25mg taz),6.714,20.000,,,,,,,
J0696,Ceftriaxone sodium injection,250 MG,0.513,20.000,,,,,,,
J0697,Sterile cefuroxime injection,750 MG,2.241,20.000,,,,,,,
J0701,Inj. cefepime hcl (baxter),500 MG,5.359,20.000,,,,,,,
J0702,Betamethasone acet&sod phosp,3 MG & 3 MG,6.402,20.000,,,,,,AMP-based payment limit,
J0703,"Inj, cefepime hcl (b braun)",500 MG,5.223,20.000,,,,,,,
J0712,Ceftaroline fosamil inj,10 MG,3.765,20.000,,,,,,,
J0713,Inj ceftazidime per 500 mg,500 MG,1.855,20.000,,,,,,,
J0714,Ceftazidime and avibactam,.625 GM,90.838,20.000,,,,,,,
J0717,Certolizumab pegol inj 1mg,1 MG,4.971,20.000,,,,,,"""lesser of"" methodology applied",
J0720,Chloramphenicol sodium injec,1 GM,40.274,20.000,,,,,,,
J0725,Chorionic gonadotropin/1000u,1000 UNITS,22.306,20.000,,,,,,,
J0735,Clonidine hydrochloride,1 MG,22.891,20.000,,,,,,,
J0740,Cidofovir injection,375 MG,608.327,20.000,,,,,,,
J0741,"Inj, cabote rilpivir 2mg 3mg",2MG/3MG,21.555,20.000,,,,,,,
J0742,Inj imip 4 cilas 4 releb 2mg,4 MG-4 MG-2 MG,2.382,20.000,,,,,,,
J0743,Cilastatin sodium injection,250 MG,7.120,20.000,,,,,,AMP-based payment limit,
J0744,Ciprofloxacin iv,200 MG,1.338,20.000,,,,,,,
J0770,Colistimethate sodium inj,150 MG,15.602,20.000,,,,,,,
J0775,"Collagenase, clost hist inj",0.01 MG,64.997,19.071,,,,,,Inflation-adjusted coinsurance,
J0780,Prochlorperazine injection,10 MG,2.978,20.000,,,,,,,
J0791,Inj crizanlizumab-tmca 5mg,5 MG,125.281,20.000,,,,,,,
J0800,Corticotropin injection,40 UNITS,3894.404,20.000,,,,,,,
J0834,"Inj., cosyntropin, 0.25 mg",0.25 MG,24.779,20.000,,,,,,,
J0840,Crotalidae poly immune fab,UP TO 1 GM,2077.793,20.000,,,,,,,
J0841,Inj crotalidae im f(ab')2 eq,120 MG,433.190,20.000,,,,,,,
J0850,Cytomegalovirus imm iv /vial,PER VIAL,1814.619,19.094,,,,,,Inflation-adjusted coinsurance,
J0875,"Injection, dalbavancin",5 MG,15.315,20.000,,,,,,,
J0877,"Inj, daptomycin (hospira)",1 MG,0.075,20.000,,,,,,,
J0878,Daptomycin injection,1 MG,0.041,20.000,,,,,,,
J0881,"Darbepoetin alfa, non-esrd",1 MCG,3.089,20.000,,,,,,,
J0882,"Darbepoetin alfa, esrd use",1 MCG,3.089,20.000,,,,,,,
J0885,"Epoetin alfa, non-esrd",1000 UNITS,7.928,20.000,,,,,,,
J0887,Epoetin beta esrd use,1 MCG,1.969,20.000,,,,,,,
J0888,Epoetin beta non esrd,1 MCG,1.969,17.717,,,,,,Inflation-adjusted coinsurance,
J0891,Argatroban nonesrd (accord),1 MG,0.415,20.000,,,,,,,
J0892,Argatroban dialysis (accord),1 MG,0.415,20.000,,,,,,,
J0893,"Inj, decitabine (sun pharma)",1 MG,1.881,20.000,,,,,,,
J0894,Decitabine injection,1 MG,2.425,20.000,,,,,,,
J0895,Deferoxamine mesylate inj,500 MG,8.215,20.000,,,,,,,
J0896,Inj luspatercept-aamt 0.25mg,0.25 MG,38.460,20.000,,,,,,,
J0897,Denosumab injection,1 MG,23.018,20.000,,,,,,,
J0898,Argatroban nonesrd (auromed),1 MG,2.029,20.000,,,,,,,
J0899,"Argatroban dialysis, auromed",1 MG,2.029,20.000,,,,,,,
J1000,Depo-estradiol cypionate inj,5 MG,29.249,20.000,,,,,,,
J1020,Methylprednisolone 20 mg inj,20 MG,4.611,20.000,,,,,,,
J1030,Methylprednisolone 40 mg inj,40 MG,8.084,20.000,,,,,,,
J1040,Methylprednisolone 80 mg inj,80 MG,12.747,20.000,,,,,,,
J1071,Inj testosterone cypionate,1 MG,0.029,20.000,,,,,,,
J1100,Dexamethasone sodium phos,1 MG,0.126,20.000,,,,,,,
J1110,Inj dihydroergotamine mesylt,1 MG,57.803,20.000,,,,,,,
J1120,Acetazolamid sodium injectio,500 MG,29.010,20.000,,,,,,,
J1160,Digoxin injection,0.5 MG,7.360,20.000,,,,,,,
J1162,Digoxin immune fab (ovine),PER VIAL,4593.574,20.000,,,,,,,
J1165,Phenytoin sodium injection,50 MG,0.419,20.000,,,,,,,
J1170,Hydromorphone injection,4 MG,3.846,20.000,,,,,,,
J1190,Dexrazoxane hcl injection,250 MG,166.916,20.000,,,,,,,
J1200,Diphenhydramine hcl injectio,50 MG,1.129,20.000,,,,,,,
J1201,Inj. cetirizine hcl 0.5mg,0.5 MG,15.097,20.000,,,,,,,
J1205,Chlorothiazide sodium inj,500 MG,76.872,20.000,,,,,,,
J1212,Dimethyl sulfoxide 50% 50 ml,50 ML,638.697,20.000,,,,,,,
J1230,Methadone injection,10 MG,16.687,20.000,,,,,,,
J1240,Dimenhydrinate injection,50 MG,7.240,20.000,,,,,,,
J1245,Dipyridamole injection,10 MG,3.796,20.000,,,,,,,
J1250,Inj dobutamine hcl/250 mg,250 MG,6.528,20.000,,,,,,,
J1265,Dopamine injection,40 MG,0.669,20.000,,,,,,,
J1270,"Injection, doxercalciferol",1 MCG,0.698,20.000,,,,,,,
J1290,Ecallantide injection,1 MG,520.497,20.000,,,,,,,
J1300,Eculizumab injection,10 MG,226.209,20.000,,,,,,,
J1301,"Injection, edaravone, 1 mg",1 MG,21.405,20.000,,,,,,,
J1302,"Inj, sutimlimab-jome, 10 mg",10 MG,17.005,20.000,,,,,,Added April 2023,
J1303,"Inj., ravulizumab-cwvz 10 mg",10 MG,222.323,20.000,,,,,,,
J1305,"Inj, evinacumab-dgnb, 5mg",5 MG,172.250,20.000,,,,,,,
J1306,"Injection, inclisiran, 1 mg",1 MG,11.944,20.000,,,,,,,
J1322,"Elosulfase alfa, injection",1 MG,262.709,20.000,,,,,,,
J1325,Epoprostenol injection,0.5 MG,15.773,20.000,,,,,,,
J1335,Ertapenem injection,500 MG,12.825,20.000,,,,,,,
J1364,Erythro lactobionate /500 mg,500 MG,85.538,20.000,,,,,,,
J1380,Estradiol valerate 10 mg inj,10 MG,10.049,20.000,,,,,,,
J1410,Inj estrogen conjugate 25 mg,25 MG,355.781,20.000,,,,,,,
J1430,Ethanolamine oleate 100 mg,100 MG,458.974,20.000,,,,,,,
J1437,Inj. fe derisomaltose 10 mg,10 MG,21.698,20.000,,,,,,,
J1439,Inj ferric carboxymaltos 1mg,1 MG,1.134,20.000,,,,,,,
J1442,Inj filgrastim excl biosimil,1 MCG,0.980,20.000,,,,,,,
J1447,Inj tbo filgrastim 1 microg,1 MCG,0.387,20.000,,,,,,,
J1448,"Injection, trilaciclib, 1mg",1 MG,5.111,20.000,,,,,,,
J1450,Fluconazole,200 MG,2.452,20.000,,,,,,,
J1453,Fosaprepitant injection,1 MG,0.189,20.000,,,,,,,
J1454,"Inj fosnetupitant, palonoset",0.25 MG,392.664,20.000,,,,,,,
J1456,"Inj, fosaprepitant (teva)",1 MG,0.422,20.000,,,,,,Added April 2023,
J1458,Galsulfase injection,1 MG,432.900,20.000,,,,,,,
J1459,Inj ivig privigen 500 mg,500 MG,47.191,20.000,,,,,,,
J1460,Gamma globulin 1 cc inj,1 CC,48.319,20.000,,,,,,,
J1551,Inj cutaquig 100 mg,100 MG,14.146,20.000,,,,,,,
J1554,Inj. asceniv,500 MG,482.272,20.000,,,,,,,
J1555,"Inj cuvitru, 100 mg",100 MG,14.910,20.000,,,,,,,
J1556,"Inj, imm glob bivigam, 500mg",500 MG,70.948,20.000,,,,,,,
J1557,Gammaplex injection,500 MG,54.008,20.000,,,,,,,
J1558,"Inj. xembify, 100 mg",100 MG,13.623,20.000,,,,,,,
J1559,Hizentra injection,100 MG,12.618,20.000,,,,,,,
J1560,Gamma globulin > 10 cc inj,10 CC,483.195,20.000,,,,,,,
J1561,Gamunex-c/gammaked,500 MG,47.703,20.000,,,,,,,
J1566,"Immune globulin, powder",500 MG,73.171,20.000,,,,,,,
J1568,Octagam injection,500 MG,41.821,20.000,,,,,,,
J1569,Gammagard liquid injection,500 MG,46.502,20.000,,,,,,,
J1570,Ganciclovir sodium injection,500 MG,47.326,20.000,,,,,,,
J1571,Hepagam b im injection,0.5 ML,67.341,20.000,,,,,,,
J1572,Flebogamma injection,500 MG,44.540,17.758,,,,,,Inflation-adjusted coinsurance,
J1575,Hyqvia 100mg immuneglobulin,100 MG,15.871,20.000,,,,,,,
J1580,Garamycin gentamicin inj,80 MG,2.537,20.000,,,,,,,
J1602,Golimumab for iv use 1mg,1 MG,13.849,20.000,,,,,,,
J1610,Glucagon hydrochloride/1 mg,1 MG,190.259,20.000,,,,,,,
J1611,"Inj glucagon hcl, fresenius",1 MG,149.041,20.000,,,,,,,
J1626,Granisetron hcl injection,100 MCG,0.396,20.000,,,,,,,
J1627,"Inj, granisetron, xr, 0.1 mg",0.1 MG,5.898,20.000,,,,,,,
J1630,Haloperidol injection,5 MG,1.154,20.000,,,,,,,
J1631,Haloperidol decanoate inj,50 MG,7.650,20.000,,,,,,,
J1640,"Hemin, 1 mg",1 MG,29.026,20.000,,,,,,,
J1642,Inj heparin sodium per 10 u,10 UNITS,0.016,20.000,,,,,,,
J1644,Inj heparin sodium per 1000u,1000 UNITS,0.256,20.000,,,,,,,
J1645,Dalteparin sodium,2500 IU,13.970,14.077,,,,,,Inflation-adjusted coinsurance,
J1650,Inj enoxaparin sodium,10 MG,0.763,20.000,,,,,,,
J1652,Fondaparinux sodium,0.5 MG,1.070,20.000,,,,,,,
J1670,Tetanus immune globulin inj,250 UNITS,545.618,20.000,,,,,,,
J1720,Hydrocortisone sodium succ i,100 MG,17.911,20.000,,,,,,,
J1738,Inj. meloxicam 1 mg,1 MG,3.127,20.000,,,,,,,
J1740,Ibandronate sodium injection,1 MG,30.846,20.000,,,,,,,
J1743,Idursulfase injection,1 MG,542.948,20.000,,,,,,,
J1745,Infliximab not biosimil 10mg,10 MG,34.043,20.000,,,,,,,
J1746,"Inj., ibalizumab-uiyk, 10 mg",10 MG,69.611,20.000,,,,,,,
J1747,"Inj, spesolimab-sbzo, 1 mg",1 MG,60.223,20.000,,,,,,Added April 2023,
J1750,Inj iron dextran,50 MG,16.573,20.000,,,,,,,
J1756,Iron sucrose injection,1 MG,0.205,20.000,,,,,,AMP-based payment limit,
J1786,Imuglucerase injection,10 UNITS,44.326,20.000,,,,,,,
J1817,Insulin for insulin pump use,50 UNITS,8.737,20.000,,,,,,,
J1823,"Inj. inebilizumab-cdon, 1 mg",1 MG,462.867,20.000,,,,,,,
J1885,Ketorolac tromethamine inj,15 MG,0.487,20.000,,,,,,,
J1930,Lanreotide injection,1 MG,57.418,20.000,,,,,,,
J1931,Laronidase injection,0.1 MG,36.048,20.000,,,,,,,
J1932,"Inj, lanreotide, (cipla) 1mg",1 MG,60.491,20.000,,,,,,,
J1940,Furosemide injection,20 MG,0.575,20.000,,,,,,,
J1943,"Inj., aristada initio, 1 mg",1 MG,2.954,20.000,,,,,,,
J1944,Aripiprazole lauroxil 1 mg,1 MG,2.975,20.000,,,,,,,
J1950,Leuprolide acetate /3.75 mg,3.75 MG,1480.885,20.000,,,,,,,
J1951,Inj fensolvi 0.25 mg,0.25 MG,132.002,20.000,,,,,,,
J1952,"Leuprolide inj, camcevi, 1mg",1 mg,98.429,20.000,,,,,,,
J1953,Levetiracetam injection,10 MG,0.085,20.000,,,,,,,
J1955,Inj levocarnitine per 1 gm,1 GM,34.166,14.000,,,,,,Inflation-adjusted coinsurance,
J1956,Levofloxacin injection,250 MG,0.837,20.000,,,,,,,
J1980,Hyoscyamine sulfate inj,0.25 MG,31.641,20.000,,,,,,,
J2001,Lidocaine injection,10 MG,0.029,20.000,,,,,,,
J2010,Lincomycin injection,300 MG,9.815,20.000,,,,,,,
J2020,Linezolid injection,200 MG,3.425,20.000,,,,,,,
J2021,"Inj, linezolid (hospira)",200 MG,15.257,20.000,,,,,,,
J2060,Lorazepam injection,2 MG,1.179,20.000,,,,,,,
J2150,Mannitol injection,50 ML,3.030,20.000,,,,,,,
J2175,Meperidine hydrochl /100 mg,100 MG,7.022,20.000,,,,,,,
J2182,"Injection, mepolizumab, 1mg",1 MG,29.374,20.000,,,,,,,
J2184,"Inj, meropenem (b. braun)",100 MG,2.145,20.000,,,,,,,
J2185,Meropenem,100 MG,0.495,20.000,,,,,,AMP-based payment limit,
J2210,Methylergonovin maleate inj,0.2 MG,20.858,20.000,,,,,,,
J2247,"Inj, micafungin (par pharm)",1 MG,0.366,20.000,,,,,,,
J2248,Micafungin sodium injection,1 MG,0.832,20.000,,,,,,,
J2250,Inj midazolam hydrochloride,1 MG,0.166,20.000,,,,,,,
J2251,Inj midazolam (wg crit care),1 MG,0.307,20.000,,,,,,,
J2260,Inj milrinone lactate / 5 mg,5 MG,2.124,20.000,,,,,,,
J2270,Morphine sulfate injection,10 MG,3.336,20.000,,,,,,,
J2272,"Inj, morphine (fresenius)",10 MG,6.724,20.000,,,,,,,
J2274,Inj morphine pf epid ithc,10 MG,16.705,20.000,,,,,,,
J2278,Ziconotide injection,1 MCG,9.070,20.000,,,,,,,
J2280,"Inj, moxifloxacin 100 mg",100 MG,10.394,20.000,,,,,,,
J2281,Inj moxifloxacin (fres kabi),100 MG,8.769,20.000,,,,,,,
J2300,Inj nalbuphine hydrochloride,10 MG,2.858,20.000,,,,,,,
J2310,Inj naloxone hydrochloride,1 MG,8.071,20.000,,,,,,,
J2311,"Inj, naloxone hcl (zimhi)",1 MG,8.786,20.000,,,,,,Added April 2023,
J2315,"Naltrexone, depot form",1 MG,3.727,20.000,,,,,,,
J2323,Natalizumab injection,1 MG,23.987,20.000,,,,,,,
J2327,Inj risankizumab-rzaa 1 mg,1 MG,15.732,20.000,,,,,,,
J2350,"Injection, ocrelizumab, 1 mg",1 MG,58.967,20.000,,,,,,,
J2353,"Octreotide injection, depot",1 MG,204.537,20.000,,,,,,,
J2354,"Octreotide inj, non-depot",25 MCG,1.159,20.000,,,,,,AMP-based payment limit,
J2356,"Inj tezepelumab-ekko, 1mg",1 MG,17.803,20.000,,,,,,,
J2357,Omalizumab injection,5 MG,37.916,20.000,,,,,,,
J2358,Olanzapine long-acting inj,1 MG,2.917,20.000,,,,,,,
J2360,Orphenadrine injection,60 MG,5.378,20.000,,,,,,,
J2401,Chloroprocaine hcl injection,1 MG,0.041,20.000,,,,,,,
J2405,Ondansetron hcl injection,1 MG,0.093,20.000,,,,,,,
J2406,"Injection, oritavancin 10 mg",10 MG,42.130,20.000,,,,,,,
J2407,"Injection, oritavancin",10 MG,26.666,20.000,,,,,,,
J2425,Palifermin injection,50 MCG,25.125,20.000,,,,,,,
J2426,Paliperidone palmitate inj,1 MG,13.650,20.000,,,,,,,
J2430,Pamidronate disodium /30 mg,30 MG,10.570,20.000,,,,,,,
J2469,Palonosetron hcl,25 MCG,1.297,20.000,,,,,,,
J2501,Paricalcitol,1 MCG,0.686,20.000,,,,,,AMP-based payment limit,
J2506,Inj pegfilgrast ex bio 0.5mg,0.5 MG,109.685,20.000,,,,,,,
J2507,Pegloticase injection,1 MG,3201.861,20.000,,,,,,,
J2510,Penicillin g procaine inj,600000 UNITS,39.335,20.000,,,,,,,
J2540,Penicillin g potassium inj,600000 UNITS,0.756,20.000,,,,,,,
J2543,Piperacillin/tazobactam,1.125 GM,1.336,20.000,,,,,,,
J2545,Pentamidine non-comp unit,300 MG,88.364,20.000,,,,,,,
J2550,Promethazine hcl injection,50 MG,3.112,20.000,,,,,,,
J2560,Phenobarbital sodium inj,120 MG,39.033,20.000,,,,,,,
J2562,Plerixafor injection,1 MG,401.575,20.000,,,,,,,
J2597,Inj desmopressin acetate,1 MCG,7.076,20.000,,,,,,,
J2675,Inj progesterone per 50 mg,50 MG,0.955,20.000,,,,,,,
J2680,Fluphenazine decanoate 25 mg,25 MG,9.599,20.000,,,,,,,
J2690,Procainamide hcl injection,1 GM,164.374,20.000,,,,,,,
J2700,Oxacillin sodium injeciton,250 MG,1.073,20.000,,,,,,,
J2704,"Inj, propofol, 10 mg",10 MG,0.128,20.000,,,,,,,
J2720,Inj protamine sulfate/10 mg,10 MG,0.865,20.000,,,,,,AMP-based payment limit,
J2724,Protein c concentrate,10 UNITS,15.088,20.000,,,,,,,
J2760,Phentolaine mesylate inj,5 MG,452.417,20.000,,,,,,,
J2765,Metoclopramide hcl injection,10 MG,1.065,20.000,,,,,,,
J2777,"Inj, faricimab-svoa, 0.1mg",0.1 MG,37.422,20.000,,,,,,,
J2778,Ranibizumab injection,0.1 mg,247.653,20.000,,,,,,,
J2779,"Inj, susvimo 0.1 mg",0.1 MG,81.930,20.000,,,,,,,
J2783,Rasburicase,0.5 MG,342.867,20.000,,,,,,,
J2785,Regadenoson injection,0.1 MG,61.991,20.000,,,,,,,
J2786,"Injection, reslizumab, 1mg",1 MG,10.155,20.000,,,,,,,
J2788,Rho d immune globulin 50 mcg,50 MCG (250 IU),25.472,20.000,,,,,,,
J2790,Rho d immune globulin inj,300 MCG (1500 IU),76.825,20.000,,,,,,,
J2791,Rhophylac injection,100 IU,4.938,20.000,,,,,,,
J2792,"Rho(d) immune globulin h, sd",100 IU,34.215,20.000,,,,,,,
J2794,"Inj risperdal consta, 0.5 mg",0.5 MG,11.585,20.000,,,,,,,
J2795,Ropivacaine hcl injection,1 MG,0.081,20.000,,,,,,,
J2796,Romiplostim injection,10 MCG,90.613,20.000,,,,,,,
J2798,"Inj., perseris, 0.5 mg",0.5 mg,11.188,20.000,,,,,,,
J2800,Methocarbamol injection,10 ML,5.306,20.000,,,,,,AMP-based payment limit,
J2805,Sincalide injection,5 MCG,116.275,20.000,,,,,,,
J2820,Sargramostim injection,50 MCG,57.084,19.763,,,,,,Inflation-adjusted coinsurance,
J2860,"Injection, siltuximab",10 MG,139.227,19.953,,,,,,Inflation-adjusted coinsurance,
J2916,Na ferric gluconate complex,12.5 MG,2.198,20.000,,,,,,,
J2920,Methylprednisolone injection,40 MG,4.131,20.000,,,,,,,
J2930,Methylprednisolone injection,125 MG,5.467,20.000,,,,,,,
J2997,Alteplase recombinant,1 MG,87.565,20.000,,,,,,,
J3000,Streptomycin injection,1 GM,42.262,20.000,,,,,,,
J3010,Fentanyl citrate injection,0.1 MG,0.975,20.000,,,,,,,
J3032,Inj. eptinezumab-jjmr 1 mg,1 MG,17.008,20.000,,,,,,,
J3060,"Inj, taliglucerase alfa 10 u",10 UNITS,42.916,20.000,,,,,,,
J3090,Inj tedizolid phosphate,1 MG,1.656,20.000,,,,,,,
J3095,Telavancin injection,10 MG,6.954,20.000,,,,,,,
J3101,Tenecteplase injection,1 MG,143.692,20.000,,,,,,,
J3105,Terbutaline sulfate inj,1 MG,0.839,20.000,,,,,,AMP-based payment limit,
J3111,Inj. romosozumab-aqqg 1 mg,1 MG,9.897,20.000,,,,,,,
J3121,Inj testostero enanthate 1mg,1 MG,0.048,20.000,,,,,,,
J3145,Testosterone undecanoate 1mg,1 MG,1.845,19.352,,,,,,Inflation-adjusted coinsurance,
J3230,Chlorpromazine hcl injection,50 MG,30.296,20.000,,,,,,,
J3240,Thyrotropin injection,0.9 MG,1926.743,20.000,,,,,,,
J3241,Inj. teprotumumab-trbw 10 mg,10 MG,327.998,20.000,,,,,,,
J3243,Tigecycline injection,1 MG,0.613,20.000,,,,,,,
J3244,Inj. tigecycline (accord),1 MG,0.597,20.000,,,,,,Added April 2023,
J3245,"Inj., tildrakizumab, 1 mg",1 MG,137.827,20.000,,,,,,,
J3250,Trimethobenzamide hcl inj,200 MG,44.941,20.000,,,,,,,
J3260,Tobramycin sulfate injection,80 MG,2.335,20.000,,,,,,AMP-based payment limit,
J3262,Tocilizumab injection,1 MG,5.860,20.000,,,,,,,
J3285,Treprostinil injection,1 MG,55.314,20.000,,,,,,,
J3299,Inj xipere 1 mg,1 MG,47.612,20.000,,,,,,,
J3300,Triamcinolone a inj prs-free,1 MG,4.185,20.000,,,,,,,
J3301,Triamcinolone acet inj nos,10 MG,1.122,20.000,,,,,,,
J3304,Inj triamcinolone ace xr 1mg,1 MG,16.862,20.000,,,,,,,
J3315,Triptorelin pamoate,3.75 MG,364.641,20.000,,,,,,,
J3357,"Ustekinumab sub cu inj, 1 mg",1 MG,153.768,20.000,,,,,,,
J3358,"Ustekinumab, iv inject, 1 mg",1 MG,12.246,20.000,,,,,,,
J3360,Diazepam injection,5 MG,7.121,20.000,,,,,,,
J3370,Vancomycin hcl injection,500 MG,2.486,20.000,,,,,,,
J3371,"Inj, vancomycin hcl (mylan)",500 MG,6.531,20.000,,,,,,,
J3372,"Inj, vancomycin hcl (xellia)",500 MG,6.564,20.000,,,,,,,
J3380,"Injection, vedolizumab",1 MG,21.840,20.000,,,,,,,
J3385,Velaglucerase alfa,100 UNITS,357.346,20.000,,,,,,,
J3396,Verteporfin injection,0.1 MG,11.375,20.000,,,,,,,
J3410,Hydroxyzine hcl injection,25 MG,13.105,20.000,,,,,,,
J3411,Thiamine hcl 100 mg,100 MG,2.199,20.000,,,,,,AMP-based payment limit,
J3415,Pyridoxine hcl 100 mg,100 MG,5.623,20.000,,,,,,,
J3420,Vitamin b12 injection,1000 MCG,1.606,20.000,,,,,,,
J3430,Vitamin k phytonadione inj,1 MG,2.995,20.000,,,,,,,
J3465,"Injection, voriconazole",10 MG,0.944,20.000,,,,,,,
J3471,"Ovine, up to 999 usp units",1 UNIT,0.473,20.000,,,,,,,
J3473,Hyaluronidase recombinant,1 USP UNIT,0.359,20.000,,,,,,,
J3475,Inj magnesium sulfate,500 MG,0.790,20.000,,,,,,,
J3480,Inj potassium chloride,2 MEQ,0.111,20.000,,,,,,,
J3485,Zidovudine,10 MG,1.511,20.000,,,,,,,
J3486,Ziprasidone mesylate,10 MG,10.118,20.000,,,,,,,
J3489,Zoledronic acid 1mg,1 MG,8.098,20.000,,,,,,,
J7030,Normal saline solution infus,1000 ML,2.584,20.000,,,,,,,
J7040,Normal saline solution infus,500 ML,1.292,20.000,,,,,,,
J7042,5% dextrose/normal saline,500 ML,1.248,20.000,,,,,,,
J7050,Normal saline solution infus,250 ML,0.646,20.000,,,,,,,
J7060,5% dextrose/water,500 ML,1.688,20.000,,,,,,,
J7070,D5w infusion,1000 CC,3.376,20.000,,,,,,,
J7120,Ringers lactate infusion,1000 CC,2.558,20.000,,,,,,,
J7170,"Inj., emicizumab-kxwh 0.5 mg",0.5 MG,49.945,20.000,,,,,1,,
J7175,"Inj, factor x, (human), 1iu",1 IU,8.613,20.000,,,,,1,,
J7177,"Inj., fibryga, 1 mg",1 MG,1.104,20.000,,,,,1,,
J7178,Inj human fibrinogen con nos,1 IU,1.383,20.000,,,,,1,,
J7179,Vonvendi inj 1 iu vwf:rco,1 IU,1.865,20.000,,,,,1,,
J7180,Factor xiii anti-hem factor,1 IU,9.688,20.000,,,,,1,,
J7181,Factor xiii recomb a-subunit,1 IU,16.506,20.000,,,,,1,,
J7182,Factor viii recomb novoeight,1 IU,1.252,20.000,,,,,1,,
J7183,Wilate injection,1 I.U. VWF:RCO,1.259,20.000,,,,,1,,
J7185,Xyntha inj,1 IU,1.303,20.000,,,,,1,,
J7186,Antihemophilic viii/vwf comp,PER FACTOR VIII IU,1.171,20.000,,,,,1,,
J7187,"Humate-p, inj",1 IU,1.349,20.000,,,,,1,,
J7188,Factor viii recomb obizur,1 IU,3.216,20.000,,,,,1,,
J7189,Factor viia recomb novoseven,1 MCG,2.343,20.000,,,,,1,,
J7190,Factor viii,1 IU,1.129,20.000,,,,,1,,
J7192,Factor viii recombinant nos,1 IU,1.445,20.000,,,,,1,,
J7193,Factor ix non-recombinant,1 IU,1.233,20.000,,,,,1,,
J7194,Factor ix complex,1 IU,1.577,20.000,,,,,1,,
J7195,Factor ix recombinant nos,1 IU,1.645,20.000,,,,,1,,
J7197,Antithrombin iii injection,1 IU,3.718,20.000,,,,,,,
J7198,Anti-inhibitor,1 IU,2.237,20.000,,,,,1,,
J7200,Factor ix recombinan rixubis,1 IU,1.570,20.000,,,,,1,,
J7201,Factor ix alprolix recomb,1 IU,3.374,20.000,,,,,1,,
J7202,Factor ix idelvion inj,1 IU,4.946,20.000,,,,,1,,
J7203,Factor ix recomb gly rebinyn,1 MG,4.328,20.000,,,,,1,,
J7204,Inj recombin esperoct per iu,1 IU,2.065,20.000,,,,,1,,
J7205,Factor viii fc fusion recomb,1 IU,2.176,20.000,,,,,1,,
J7207,Factor viii pegylated recomb,1 IU,1.930,20.000,,,,,1,,
J7208,Inj. jivi 1 iu,1 IU,2.180,20.000,,,,,1,,
J7209,Factor viii nuwiq recomb 1iu,1 IU,1.351,20.000,,,,,1,,
J7210,"Inj, afstyla, 1 i.u.",1 IU,1.436,20.000,,,,,1,,
J7211,"Inj, kovaltry, 1 i.u.",1 IU,1.339,20.000,,,,,1,,
J7212,Factor viia recomb sevenfact,1 MCG,1.909,20.000,,,,,1,,
J7308,Aminolevulinic acid hcl top,354 MG,391.695,20.000,,,,,,,
J7311,"Inj., retisert, 0.01 mg",0.01 MG,337.684,20.000,,,,,,,
J7312,Dexamethasone intra implant,0.1 MG,199.835,20.000,,,,,,,
J7313,"Inj., iluvien, 0.01 mg",0.01 MG,490.947,20.000,,,,,,,
J7314,"Inj., yutiq, 0.01 mg",0.01 MG,523.779,20.000,,,,,,,
J7318,"Inj, durolane 1 mg",1 MG,6.768,20.000,,,,,,,
J7320,"Genvisc 850, inj, 1mg",1 MG,7.457,20.000,,,,,,,
J7321,Hyalgan supartz visco-3 dose,per dose,72.513,20.000,,,,,,,
J7322,Hymovis injection 1 mg,1 MG,16.662,20.000,,,,,,,
J7323,Euflexxa inj per dose,per dose,129.465,20.000,,,,,,,
J7324,Orthovisc inj per dose,PER DOSE,134.462,20.000,,,,,,,
J7325,Synvisc or synvisc-one,1 MG,9.648,20.000,,,,,,,
J7326,Gel-one,per dose,522.470,20.000,,,,,,,
J7327,Monovisc inj per dose,PER DOSE,719.327,20.000,,,,,,,
J7328,Gelsyn-3 injection 0.1 mg,0.1 MG,0.752,20.000,,,,,,,
J7329,"Inj, trivisc 1 mg",1 MG,9.669,20.000,,,,,,,
J7331,"Synojoynt, inj., 1 mg",1 MG,13.250,20.000,,,,,,Added April 2023,
J7332,"Inj., triluron, 1 mg",1 MG,9.903,20.000,,,,,,,
J7336,Capsaicin 8% patch,1 SQ CM,3.276,20.000,,,,,,,
J7340,Carbidopa levodopa ent 100ml,100 ML,219.761,20.000,,,,,,,
J7342,Ciprofloxacin otic susp 6 mg,6 MG,30.008,20.000,,,,,,,
J7345,"Aminolevulinic acid, 10% gel",10 MG,1.650,20.000,,,,,,,
J7351,Inj bimatoprost itc imp1mcg,1 MCG,206.276,20.000,,,,,,,
J7402,Mometasone sinus sinuva,10 MCG,11.345,20.000,,,,,,,
J7500,Azathioprine oral 50mg,50 MG,14.624,20.000,,,,,,,
J7502,Cyclosporine oral 100 mg,100 MG,2.268,20.000,,,,,,,
J7503,Tacrol envarsus ex rel oral,0.25 MG,1.619,20.000,,,,,,,
J7504,Lymphocyte immune globulin,250 MG,3001.290,17.934,,,,,,Inflation-adjusted coinsurance,
J7507,Tacrolimus imme rel oral 1mg,1 MG,0.350,20.000,,,,,,,
J7508,Tacrol astagraf ex rel oral,0.1 MG,0.523,20.000,,,,,,,
J7509,Methylprednisolone oral,4 MG,0.271,20.000,,,,,,,
J7510,Prednisolone oral per 5 mg,5 MG,0.264,20.000,,,,,,,
J7511,Antithymocyte globuln rabbit,25 MG,886.375,20.000,,,,,,,
J7512,Prednisone ir or dr oral 1mg,1 MG,0.011,20.000,,,,,,,
J7515,Cyclosporine oral 25 mg,25 MG,0.745,20.000,,,,,,,
J7517,Mycophenolate mofetil oral,250 MG,0.201,20.000,,,,,,,
J7518,Mycophenolic acid,180 MG,0.643,20.000,,,,,,,
J7520,"Sirolimus, oral",1 MG,2.937,20.000,,,,,,,
J7525,Tacrolimus injection,5 MG,233.918,20.000,,,,,,,
J7527,Oral everolimus,0.25 MG,3.116,20.000,,,,,,,
J7605,Arformoterol non-comp unit,15 mcg,2.902,20.000,,,,,,,
J7606,"Formoterol fumarate, inh",20 MCG,6.327,20.000,,,,,,,
J7608,Acetylcysteine non-comp unit,1 GM,6.195,20.000,,,,,,AMP-based payment limit,
J7611,Albuterol non-comp con,1 MG,0.135,20.000,,,,,,,
J7612,Levalbuterol non-comp con,0.5 MG,0.273,20.000,,,,,,,
J7613,Albuterol non-comp unit,1 MG,0.031,20.000,,,,,,,
J7614,Levalbuterol non-comp unit,0.5 MG,0.040,20.000,,,,,,,
J7620,Albuterol ipratrop non-comp,2.5 MG/0.5 MG,0.131,20.000,,,,,,,
J7626,Budesonide non-comp unit,0.5 MG,0.899,20.000,,,,,,,
J7631,Cromolyn sodium noncomp unit,10 MG,1.161,20.000,,,,,,,
J7639,Dornase alfa non-comp unit,1 MG,50.077,20.000,,,,,,,
J7644,Ipratropium bromide non-comp,1 MG,0.235,20.000,,,,,,,
J7674,"Methacholine chloride, neb",1 MG,0.827,20.000,,,,,,,
J7677,Revefenacin inh non-com 1mcg,1 MCG,0.190,20.000,,,,,,,
J7682,Tobramycin non-comp unit,300 MG,25.262,20.000,,,,,,,
J7686,"Treprostinil, non-comp unit", 1.74 MG,739.147,20.000,,,,,,,
J8501,Oral aprepitant,5 MG,2.988,20.000,,,,,,,
J8520,"Capecitabine, oral, 150 mg",150 MG,0.375,20.000,,,,,,,
J8521,"Capecitabine, oral, 500 mg",500 MG,1.473,20.000,,,,,,,
J8530,Cyclophosphamide oral 25 mg,25 MG,0.895,20.000,,,,,,,
J8540,Oral dexamethasone,0.25 MG,0.106,20.000,,,,,,,
J8560,Etoposide oral 50 mg,50 MG,76.560,20.000,,,,,,,
J8610,Methotrexate oral 2.5 mg,2.5 MG,0.395,20.000,,,,,,,
J8655,"Oral netupitant, palonosetro",0.5 MG,442.109,16.308,,,,,,Inflation-adjusted coinsurance,
J8670,"Rolapitant, oral, 1mg",1 MG,1.800,20.000,,,,,,,
J8700,Temozolomide,5 MG,0.201,20.000,,,,,,,
J8705,Topotecan oral,0.25 mg,104.368,20.000,,,,,,,
J9000,Doxorubicin hcl injection,10 MG,2.461,20.000,,,,,,,
J9017,Arsenic trioxide injection,1 MG,13.698,20.000,,,,,,,
J9021,"Inj, aspara, rylaze, 0.1 mg",0.1 MG,48.230,20.000,,,,,,,
J9022,"Inj, atezolizumab,10 mg",10 MG,81.063,20.000,,,,,,,
J9023,"Injection, avelumab, 10 mg",10 MG,89.177,20.000,,,,,,,
J9025,Azacitidine injection,1 MG,0.503,20.000,,,,,,,
J9027,Clofarabine injection,1 MG,32.226,20.000,,,,,,,
J9030,Bcg live intravesical 1mg,1 MG,2.874,20.000,,,,,,,
J9032,"Injection, belinostat, 10mg",10 MG,47.117,20.000,,,,,,,
J9033,"Inj., treanda 1 mg",1 MG,14.373,20.000,,,,,,,
J9034,"Inj., bendeka 1 mg",1 MG,16.906,20.000,,,,,,,
J9035,Bevacizumab injection,10 MG,71.354,20.000,,,,,,,
J9036,Inj. belrapzo/bendamustine,1 MG,15.057,20.000,,,,,,,
J9039,"Injection, blinatumomab",1 MCG,136.068,20.000,,,,,,,
J9040,Bleomycin sulfate injection,15 UNITS,24.285,20.000,,,,,,,
J9041,"Injection, bortezomib, 0.1mg",0.1 MG,6.215,20.000,,,,,,,
J9042,Brentuximab vedotin inj,1 MG,213.797,20.000,,,,,,,
J9043,Cabazitaxel injection,1 MG,199.584,20.000,,,,,,,
J9045,Carboplatin injection,50 MG,2.370,20.000,,,,,,,
J9046,"Inj, bortezomib, dr. reddy's",0.1 MG,8.652,20.000,,,,,,,
J9047,"Injection, carfilzomib, 1 mg",1 MG,44.764,20.000,,,,,,,
J9049,"Inj, bortezomib, hospira",0.1 MG,5.672,20.000,,,,,,,
J9050,Carmustine injection,100 MG,304.619,20.000,,,,,,,
J9055,Cetuximab injection,10 MG,70.142,20.000,,,,,,,
J9060,Cisplatin 10 mg injection,10 MG,1.687,20.000,,,,,,,
J9061,"Inj, amivantamab-vmjw",2 MG,19.680,19.863,,,,,,Inflation-adjusted coinsurance,
J9065,Inj cladribine per 1 mg,1 MG,18.876,20.000,,,,,,,
J9070,Cyclophosphamide 100 mg inj,100 MG,21.637,20.000,,,,,,,
J9071,Inj cyclophosphamd auromedic,5 MG,3.869,20.000,,,,,,,
J9100,Cytarabine hcl 100 mg inj,100 MG,0.934,20.000,,,,,,,
J9118,Inj. calaspargase pegol-mknl,10 UNIT,70.760,20.000,,,,,,,
J9119,"Inj., cemiplimab-rwlc, 1 mg",1 MG,27.145,20.000,,,,,,,
J9120,Dactinomycin injection,0.5 MG,546.610,20.000,,,,,,,
J9130,Dacarbazine 100 mg inj,100 MG,3.840,20.000,,,,,,,
J9144,"Daratumumab, hyaluronidase",10 MG,48.208,20.000,,,,,,,
J9145,"Injection, daratumumab 10 mg",10 MG,60.770,20.000,,,,,,,
J9150,Daunorubicin injection,10 MG,37.163,20.000,,,,,,,
J9153,"Inj daunorubicin, cytarabine",1 MG/2.27 MG,219.141,20.000,,,,,,,
J9155,Degarelix injection,1 MG,4.064,20.000,,,,,,,
J9171,Docetaxel injection,1 MG,0.455,20.000,,,,,,,
J9173,"Inj., durvalumab, 10 mg",10 MG,78.572,20.000,,,,,,,
J9176,"Injection, elotuzumab, 1mg",1 MG,7.060,20.000,,,,,,,
J9177,Inj enfort vedo-ejfv 0.25mg,0.25 MG,33.813,19.585,,,,,,Inflation-adjusted coinsurance,
J9178,"Inj, epirubicin hcl, 2 mg",2 MG,1.298,20.000,,,,,,,
J9179,Eribulin mesylate injection,0.1 MG,126.919,20.000,,,,,,,
J9181,Etoposide injection,10 MG,0.864,20.000,,,,,,,
J9185,Fludarabine phosphate inj,50 MG,161.746,20.000,,,,,,,
J9190,Fluorouracil injection,500 MG,2.371,20.000,,,,,,,
J9196,Inj gemcitabine hcl (accord),200 MG,3.853,20.000,,,,,,Added April 2023,
J9198,"Inj. infugem, 100 mg",100 MG,24.667,20.000,,,,,,,
J9200,Floxuridine injection,500 MG,3513.563,20.000,,,,,,,
J9201,In gemcitabine hcl nos 200mg,200 MG,3.327,20.000,,,,,,,
J9202,Goserelin acetate implant,3.6 MG,561.586,20.000,,,,,,,
J9203,Gemtuzumab ozogamicin 0.1 mg,0.1 MG,217.493,20.000,,,,,,,
J9204,"Inj mogamulizumab-kpkc, 1 mg",1 MG,216.260,20.000,,,,,,,
J9205,Inj irinotecan liposome 1 mg,1 MG,59.950,20.000,,,,,,,
J9206,Irinotecan injection,20 MG,2.160,20.000,,,,,,,
J9207,Ixabepilone injection,1 MG,121.879,20.000,,,,,,,
J9208,Ifosfamide injection,1 GM,26.375,20.000,,,,,,,
J9209,Mesna injection,200 MG,1.781,20.000,,,,,,,
J9210,"Inj., emapalumab-lzsg, 1 mg",1 MG,378.115,20.000,,,,,,,
J9211,Idarubicin hcl injection,5 MG,44.384,20.000,,,,,,,
J9214,Interferon alfa-2b inj,1 MIL UNITS,32.574,20.000,,,,,,,
J9217,Leuprolide acetate suspnsion,7.5 MG,172.561,20.000,,,,,,,
J9218,Leuprolide acetate injeciton,1 MG,8.012,20.000,,,,,,,
J9223,"Inj. lurbinectedin, 0.1 mg",0.1 MG,188.300,20.000,,,,,,,
J9226,Supprelin la implant,50 MG,43541.000,20.000,,,,,,,
J9227,Inj. isatuximab-irfc 10 mg,10 MG,71.697,20.000,,,,,,,
J9228,Ipilimumab injection,1 MG,165.453,20.000,,,,,,,
J9229,Inj inotuzumab ozogam 0.1 mg,0.1 MG,2479.955,20.000,,,,,,,
J9245,Inj melpha hydroch nos 50 mg,50 MG,186.514,20.000,,,,,,,
J9246,"Inj., evomela, 1 mg",1 MG,16.796,20.000,,,,,,,
J9250,Methotrexate sodium inj,5 MG,0.245,20.000,,,,,,,
J9260,Methotrexate sodium inj,50 MG,2.447,20.000,,,,,,,
J9261,Nelarabine injection,50 MG,129.835,20.000,,,,,,,
J9262,"Inj, omacetaxine mep, 0.01mg",0.01 MG,3.663,20.000,,,,,,,
J9263,Oxaliplatin,0.5 MG,0.074,20.000,,,,,,,
J9264,Paclitaxel protein bound,1 MG,11.784,20.000,,,,,,,
J9266,Pegaspargase injection,1 EA,23577.008,20.000,,,,,,,
J9267,Paclitaxel injection,1 MG,0.171,20.000,,,,,,,
J9268,Pentostatin injection,10 MG,2585.414,17.371,,,,,,Inflation-adjusted coinsurance,
J9269,Inj. tagraxofusp-erzs 10 mcg,10 MCG,322.180,20.000,,,,,,,
J9271,Inj pembrolizumab,1 MG,55.417,20.000,,,,,,,
J9272,"Inj, dostarlimab-gxly, 10 mg",10 MG,223.923,20.000,,,,,,,
J9273,"Inj tisotu vedotin-tftv, 1mg",1 MG,161.961,20.000,,,,,,,
J9274,"Inj, tebentafusp-tebn, 1 mcg",1 MCG,198.856,20.000,,,,,,,
J9280,Mitomycin injection,5 MG,24.024,20.000,,,,,,,
J9281,Mitomycin instillation,1 MG,289.510,20.000,,,,,,,
J9293,Mitoxantrone hydrochl / 5 mg,5 MG,49.327,20.000,,,,,,,
J9294,"Inj pemetrexed, hospira 10mg",10 MG,10.457,20.000,,,,,,Added April 2023,
J9295,"Injection, necitumumab, 1 mg",1 MG,5.737,20.000,,,,,,,
J9296,Inj pemetrexed (accord) 10mg,10 MG,9.736,20.000,,,,,,Added April 2023,
J9297,Inj pemetrexed (sandoz) 10mg,10 MG,9.157,20.000,,,,,,Added April 2023,
J9298,Inj nivol relatlimab 3mg/1mg,3 mg/1 mg,180.338,20.000,,,,,,,
J9299,"Injection, nivolumab",1 MG,29.911,20.000,,,,,,,
J9301,Obinutuzumab inj,10 MG,66.912,20.000,,,,,,,
J9303,Panitumumab injection,10 MG,142.421,20.000,,,,,,,
J9304,"Inj. pemetrexed, 10 mg",10 MG,77.551,20.000,,,,,,,
J9305,Inj. pemetrexed nos 10mg,10 MG,17.141,20.000,,,,,,,
J9306,"Injection, pertuzumab, 1 mg",1 MG,14.427,20.000,,,,,,,
J9307,Pralatrexate injection,1 MG,351.951,20.000,,,,,,,
J9308,"Injection, ramucirumab",5 MG,66.849,20.000,,,,,,,
J9309,"Inj, polatuzumab vedotin 1mg",1 MG,118.114,20.000,,,,,,,
J9311,"Inj rituximab, hyaluronidase",10 mg,37.492,20.000,,,,,,,
J9312,"Inj., rituximab, 10 mg",10 MG,81.187,20.000,,,,,,,
J9313,"Inj., lumoxiti, 0.01 mg",0.01 MG,23.394,20.000,,,,,,,
J9314,Inj pemetrexed (teva) 10mg,10 MG,13.402,20.000,,,,,,Added April 2023,
J9316,"Pertuzu, trastuzu, 10 mg",10 MG,68.440,20.000,,,,,,,
J9317,Sacituzumab govitecan-hziy,2.5 MG,32.552,20.000,,,,,,,
J9319,Inj romidepsin lyophil 0.1mg,0.1 MG,31.488,20.000,,,,,,,
J9320,Streptozocin injection,1 GM,370.184,20.000,,,,,,,
J9325,Inj talimogene laherparepvec,1 million�PFU,62.357,20.000,,,,,,,
J9328,Temozolomide injection,1 MG,10.415,20.000,,,,,,,
J9330,Temsirolimus injection,1 MG,32.168,20.000,,,,,,,
J9331,Inj sirolimus prot part 1 mg,1 MG,104.536,20.000,,,,,,,
J9332,Inj efgartigimod 2mg,2 MG,31.523,20.000,,,,,,,
J9340,Thiotepa injection,15 MG,297.263,20.000,,,,,,,
J9349,"Inj., tafasitamab-cxix",2 MG,13.151,20.000,,,,,,,
J9351,Topotecan injection,0.1 MG,1.183,20.000,,,,,,,
J9352,Injection trabectedin 0.1mg,0.1 MG,331.831,20.000,,,,,,,
J9353,"Inj. margetuximab-cmkb, 5 mg",5 MG,45.041,20.000,,,,,,,
J9354,"Inj, ado-trastuzumab emt 1mg",1 MG,36.245,20.000,,,,,,,
J9355,Inj trastuzumab excl biosimi,10 MG,80.249,20.000,,,,,,,
J9356,"Inj. herceptin hylecta, 10mg",10 MG,65.077,20.000,,,,,,,
J9357,Valrubicin injection,200 MG,1442.534,20.000,,,,,,,
J9358,Inj fam-trastu deru-nxki 1mg,1 MG,25.631,20.000,,,,,,,
J9359,Inj lon tesirin-lpyl 0.075mg,0.075 MG,191.423,20.000,,,,,,,
J9360,Vinblastine sulfate inj,1 MG,3.988,20.000,,,,,,AMP-based payment limit,
J9370,Vincristine sulfate 1 mg inj,1 MG,4.847,20.000,,,,,,,
J9390,Vinorelbine tartrate inj,10 MG,7.447,20.000,,,,,,,
J9393,"Inj, fulvestrant (teva)",25 MG,3.069,20.000,,,,,,,
J9394,"Inj, fulvestrant (fresenius)",25 MG,3.915,20.000,,,,,,,
J9395,"Injection, fulvestrant",25 MG,12.086,20.000,,,,,,,
J9400,"Inj, ziv-aflibercept, 1mg",1 MG,7.389,20.000,,,,,,,
P9041,"Albumin (human),5%, 50ml",50 ML,10.615,20.000,,,95,10.615,,,
P9045,"Albumin (human), 5%, 250 ml",250 ML,53.077,20.000,,,95,53.077,,,
P9046,"Albumin (human), 25%, 20 ml",20 ML,21.231,20.000,,,95,21.231,,,
P9047,"Albumin (human), 25%, 50ml",50 ML,53.077,20.000,,,95,53.077,,,
Q0138,"Ferumoxytol, non-esrd",1 MG,0.478,20.000,,,,,,,
Q0139,"Ferumoxytol, esrd use",1 MG,0.478,20.000,,,,,,,
Q0162,Ondansetron oral,1 MG,0.012,20.000,,,,,,,
Q0167,Dronabinol 2.5mg oral,2.5 MG,0.782,20.000,,,,,,,
Q0222,Bebtelovimab 175 mg,175 MG,2394.000,0.000,,,,,,,
Q2041,Axicabtagene ciloleucel car+,UP TO 200 MILLION CAR T CELLS,449245.861,20.000,,,,,,Added April 2023,
Q2043,Sipuleucel-t auto cd54+,Per infusion (minimum 50 million cells),53630.369,20.000,,,,,,,
Q2050,Doxorubicin inj 10mg,10 MG,78.063,20.000,,,,,,,
Q2053,Brexucabtagene car pos t,UP TO 200 MILLION AUTOLOGOUS ANTI-CD19 CAR POSITIVE VIABLE T CELLS,448752.402,20.000,,,,,,Added April 2023,
Q3027,Inj beta interferon im 1 mcg,1 MCG,53.078,20.000,,,,,,,
Q4074,Iloprost non-comp unit dose,UP TO 20 MCG,139.774,20.000,,,,,,,
Q4081,"Epoetin alfa, 100 units esrd",100 UNITS,0.793,20.000,,,,,,,
Q4101,Apligraf,1 SQ CM,30.430,20.000,,,,,,,
Q4102,Oasis wound matrix,1 SQ CM,12.709,20.000,,,,,,,
Q4103,Oasis burn matrix,1 SQ CM,12.939,20.000,,,,,,,
Q4104,Integra bmwd,1 SQ CM,47.629,20.000,,,,,,,
Q4105,Integra drt or omnigraft,1 SQ CM,23.847,20.000,,,,,,,
Q4108,Integra matrix,1 SQ CM,42.021,20.000,,,,,,,
Q4110,Primatrix,1 SQ CM,40.699,20.000,,,,,,,
Q4111,Gammagraft,1 SQ CM,7.321,20.000,,,,,,,
Q4114,Integra flowable wound matri,1 CC,1520.127,20.000,,,,,,,
Q4115,Alloskin,1 SQ CM,16.366,20.000,,,,,,,
Q4117,Hyalomatrix,1 SQ CM,19.281,20.000,,,,,,,
Q4118,Matristem micromatrix,1 MG,2.493,20.000,,,,,,,
Q4121,Theraskin,1 SQ CM,45.955,20.000,,,,,,,
Q4123,Alloskin,1 SQ CM,22.250,20.000,,,,,,,
Q4124,Oasis tri-layer wound matrix,1 SQ CM,10.139,20.000,,,,,,,
Q4126,Memoderm/derma/tranz/integup,1 SQ CM,86.316,20.000,,,,,,,
Q4127,Talymed,1 SQ CM,89.391,20.000,,,,,,,
Q4128,Flexhd/allopatchhd/sq cm,1 SQ CM,31.212,20.000,,,,,,,
Q4132,"Grafix core, grafixpl core",1 SQ CM,339.191,20.000,,,,,,,
Q4133,Grafix stravix prime pl sqcm,1 SQ CM,132.786,20.000,,,,,,,
Q4137,Amnioexcel biodexcel 1sq cm,1 SQ CM,95.407,20.000,,,,,,,
Q4150,Allowrap ds or dry 1 sq cm,1 SQ CM,80.186,20.000,,,,,,,
Q4151,"Amnioband, guardian 1 sq cm",1 SQ CM,132.879,20.000,,,,,,,
Q4152,Dermapure 1 square cm,1 SQ CM,46.275,20.000,,,,,,,
Q4153,"Dermavest, plurivest sq cm",1 SQ CM,164.203,20.000,,,,,,,
Q4154,Biovance 1 square cm,1 SQ CM,138.121,20.000,,,,,,,
Q4159,Affinity1 square cm,1 SQ CM,420.528,20.000,,,,,,,
Q4160,Nushield 1 square cm,1 SQ CM,96.010,20.000,,,,,,,
Q4161,Bio-connekt per square cm,1 SQ CM,127.125,20.000,,,,,,,
Q4163,"Woundex, bioskin, per sq cm",1 SQ CM,126.548,20.000,,,,,,,
Q4169,"Artacent wound, per sq cm",1 SQ CM,263.286,20.000,,,,,,Added April 2023,
Q4170,"Cygnus, per sq cm",1 SQ CM,44.668,20.000,,,,,,,
Q4175,Miroderm,1 SQ CM,64.116,20.000,,,,,,,
Q4176,"Neopatch or therion, 1 sq cm",1 SQ CM,116.528,20.000,,,,,,,
Q4178,"Floweramniopatch, per sq cm",1 SQ CM,93.118,20.000,,,,,,Added April 2023,
Q4180,"Revita, per sq cm",1 SQ CM,181.363,20.000,,,,,,,
Q4186,Epifix 1 sq cm,1 SQ CM,150.369,20.000,,,,,,,
Q4187,Epicord 1 sq cm,1 SQ CM,240.397,20.000,,,,,,,
Q4190,Artacent ac 1 sq cm,1 SQ CM,573.012,20.000,,,,,,Added April 2023,
Q4196,Puraply am 1 sq cm,1 SQ CM,108.337,20.000,,,,,,,
Q4197,Puraply xt 1 sq cm,1 SQ CM,179.514,20.000,,,,,,,
Q4199,"Cygnus matrix, per sq cm",1 SQ CM,335.161,20.000,,,,,,,
Q4201,Matrion 1 sq cm,1 SQ CM,164.463,20.000,,,,,,,
Q4203,"Derma-gide, 1 sq cm",1 SQ CM,277.785,20.000,,,,,,,
Q4210,Axolotl graf dualgraf sq cm,1 SQ CM,831.040,20.000,,,,,,Added April 2023,
Q4222,"Progenamatrix, per sq cm",1 SQ CM,119.620,20.000,,,,,,Added April 2023,
Q4227,Amniocore per sq cm,1 SQ CM,295.553,20.000,,,,,,,
Q4229,Cogenex amnio memb per sq cm,1 SQ CM,241.598,20.000,,,,,,,
Q4232,"Corplex, per sq cm",1 SQ CM,374.226,20.000,,,,,,,
Q4234,"Xcellerate, per sq cm",1 SQ CM,679.268,20.000,,,,,,Added April 2023,
Q4235,Amniorepair or altiply sq cm,1 SQ CM,155.008,20.000,,,,,,,
Q4246,"Coretext or protext, per cc",1 CC,2968.000,20.000,,,,,,,
Q4247,"Amniotext patch, per sq cm",1 SQ CM,530.000,20.000,,,,,,,
Q4248,Dermacyte amn mem allo sq cm,1 SQ CM,1002.999,20.000,,,,,,,
Q4252,"Vendaje, per square centimet",1 SQ CM,159.249,20.000,,,,,,,
Q4253,Zenith amniotic membrane psc,1 SQ CM,614.800,20.000,,,,,,Added April 2023,
Q4258,"Enverse, per sq cm",1 SQ CM,66.239,20.000,,,,,,,
Q4259,Celera per sq cm,1 SQ CM,1007.000,20.000,,,,,,Added April 2023,
Q5101,"Injection, zarxio",1 MCG,0.224,20.000,,,,,,8% of reference add-on applied,
Q5103,"Injection, inflectra",10 MG,20.591,20.000,,,,,,8% of reference add-on applied,
Q5104,"Injection, renflexis",10 MG,36.430,20.000,,,,,,,
Q5105,Inj retacrit esrd on dialysi,100 UNITS,0.851,20.000,,,,,,,
Q5106,Inj retacrit non-esrd use,1000 UNITS,8.514,20.000,,,,,,,
Q5107,Inj mvasi 10 mg,10 MG,28.567,20.000,,,,,,8% of reference add-on applied,
Q5108,"Injection, fulphila",0.5 MG,132.515,20.000,,,,,,,
Q5110,Nivestym,1 MCG,0.334,20.000,,,,,,8% of reference add-on applied,
Q5111,"Injection, udenyca 0.5 mg",0.5 MG,141.166,20.000,,,,,,,
Q5112,Inj ontruzant 10 mg,10 MG,49.853,20.000,,,,,,8% of reference add-on applied,
Q5113,Inj herzuma 10 mg,10 MG,29.526,20.000,,,,,,8% of reference add-on applied,
Q5114,Inj ogivri 10 mg,10 MG,47.132,20.000,,,,,,8% of reference add-on applied,
Q5115,Inj truxima 10 mg,10 MG,47.801,20.000,,,,,,8% of reference add-on applied,
Q5116,"Inj., trazimera, 10 mg",10 MG,27.243,20.000,,,,,,8% of reference add-on applied,
Q5117,"Inj., kanjinti, 10 mg",10 MG,25.926,20.000,,,,,,8% of reference add-on applied,
Q5118,"Inj., zirabev, 10 mg",10 MG,31.067,20.000,,,,,,8% of reference add-on applied,
Q5119,"Inj ruxience, 10 mg",10 MG,29.974,20.000,,,,,,8% of reference add-on applied,
Q5120,Inj pegfilgrastim-bmez 0.5mg,0.5 MG,80.062,20.000,,,,,,8% of reference add-on applied,
Q5121,"Inj. avsola, 10 mg",10 MG,28.459,20.000,,,,,,8% of reference add-on applied,
Q5122,"Inj, nyvepria",0.5 MG,125.314,20.000,,,,,,,
Q5123,"Inj. riabni, 10 mg",10 MG,45.205,20.000,,,,,,8% of reference add-on applied,
Q5124,"Inj. byooviz, 0.1 mg",0.1 MG,223.168,20.000,,,,,,8% of reference add-on applied,
Q5125,"Inj, releuko 1 mcg",1 MCG,0.585,20.000,,,,,,Added April 2023,
Q5126,Inj alymsys 10 mg,10 MG,73.708,20.000,,,,,,Added April 2023,
Q9950,Inj sulf hexa lipid microsph,1 ML,18.593,20.000,,,,,,,
Q9956,"Inj octafluoropropane mic,ml",1 ML,32.765,20.000,,,,,,,
Q9957,"Inj perflutren lip micros,ml",1 ML,49.057,20.000,,,,,,,
Q9958,"Hocm <=149 mg/ml iodine, 1ml",1 ML,0.076,20.000,,,,,,,
Q9961,"Hocm 250-299mg/ml iodine,1ml",1 ML,0.201,20.000,,,,,,,
Q9963,"Hocm 350-399mg/ml iodine,1ml",1 ML,0.209,20.000,,,,,,,
Q9965,"Locm 100-199mg/ml iodine,1ml",1 ML,1.545,20.000,,,,,,,
Q9966,"Locm 200-299mg/ml iodine,1ml",1 ML,0.506,20.000,,,,,,,
Q9967,"Locm 300-399mg/ml iodine,1ml",1 ML,0.169,20.000,,,,,,,
Q9991,Buprenorph xr 100 mg or less,Less than or equal to 100 MG,1793.847,20.000,,,,,,,
Q9992,Buprenorphine xr over 100 mg,Greater than 100 MG,1793.847,20.000,,,,,,,
